epoch,accuracy,loss
0,0.4008771777153015,1.6231473684310913
1,0.43885424733161926,1.5313665866851807
2,0.4486408233642578,1.4995553493499756
